Time,MOSI,MOSIErr,
68.75ns,E0,N,
1.087us,00,N,
2.106us,03,N,
3.128us,09,N,
4.146us,08,N,
5.165us,16,N,
6.187us,0A,N,
7.206us,3F,N,
8.228us,78,N,
9.246us,4C,N,
10.26us,09,N,
11.28us,0A,N,
12.3us,08,N,
13.32us,16,N,
14.34us,1A,N,
15.36us,0F,N,
16.38us,E1,N,
17.4us,00,N,
18.42us,16,N,
19.44us,19,N,
20.46us,03,N,
21.48us,0F,N,
22.5us,05,N,
23.52us,32,N,
24.54us,45,N,
25.56us,46,N,
26.58us,04,N,
27.6us,0E,N,
28.62us,0D,N,
29.64us,35,N,
30.66us,37,N,
31.68us,0F,N,
32.7us,C0,N,
33.72us,17,N,
34.74us,15,N,
35.76us,C1,N,
36.78us,41,N,
37.8us,C5,N,
38.82us,00,N,
39.84us,12,N,
40.86us,80,N,
41.88us,36,N,
42.9us,28,N,
43.92us,3A,N,
44.94us,66,N,
45.96us,B0,N,
46.98us,00,N,
48us,B1,N,
49.02us,A0,N,
50.05us,B4,N,
51.06us,02,N,
52.08us,B6,N,
53.1us,02,N,
54.12us,02,N,
55.14us,3B,N,
56.16us,B7,N,
57.18us,C6,N,
58.2us,F7,N,
59.22us,A9,N,
60.24us,51,N,
61.26us,2C,N,
62.28us,82,N,
63.3us,11,N,