Decode1,SPI
Time,MISO,MISOErr,MOSI,MOSIErr,
-22.14ns,D5,N,00,N,
3.178us,00,N,00,N,
6.311us,00,N,00,N,
9.444us,00,N,50,N,
12.57us,00,N,00,N,
15.71us,00,N,00,N,
18.84us,00,N,03,N,
21.97us,00,N,00,N,
25.11us,00,N,00,N,
28.24us,00,N,00,N,
31.37us,00,N,10,N,
34.51us,00,N,00,N,
37.64us,00,N,00,N,
40.77us,00,N,01,N,
43.91us,00,N,00,N,
47.04us,00,N,00,N,
50.17us,00,N,00,N,
53.31us,00,N,00,N,
56.44us,00,N,00,N,
59.57us,00,N,00,N,
62.71us,00,N,00,N,
65.84us,00,N,00,N,
68.97us,00,N,00,N,
72.1us,00,N,00,N,
75.24us,00,N,20,N,
78.37us,00,N,00,N,
81.5us,00,N,00,N,
84.64us,00,N,00,N,
87.77us,00,N,00,N,
90.9us,00,N,00,N,
94.55us,00,N,00,N,
97.68us,00,N,00,N,
100.8us,00,N,00,N,
103.9us,00,N,00,N,
107us,00,N,00,N,
110.2us,00,N,00,N,
113.3us,00,N,00,N,
116.4us,00,N,00,N,
119.6us,00,N,10,N,
122.7us,00,N,00,N,
125.8us,00,N,00,N,
129us,00,N,00,N,
132.1us,00,N,00,N,
135.2us,00,N,00,N,
138.4us,00,N,00,N,
141.5us,00,N,00,N,
144.6us,00,N,00,N,
147.8us,00,N,00,N,
150.9us,00,N,01,N,
154us,00,N,00,N,
157.2us,00,N,00,N,
160.3us,00,N,00,N,
163.4us,00,N,10,N,
166.6us,00,N,00,N,
169.7us,00,N,00,N,
172.8us,00,N,01,N,
176us,00,N,00,N,
179.1us,00,N,00,N,
182.2us,00,N,00,N,
185.4us,00,N,00,N,
188.5us,00,N,00,N,
191.6us,00,N,00,N,
194.8us,00,N,05,N,
197.9us,00,N,00,N,
201us,00,N,00,N,
204.2us,00,N,00,N,
207.3us,00,N,30,N,
210.4us,00,N,00,N,
213.6us,00,N,00,N,
216.7us,00,N,3D,N,
219.8us,00,N,00,N,
223us,00,N,00,N,
226.1us,00,N,00,N,
229.2us,00,N,70,N,
232.4us,00,N,00,N,
235.5us,00,N,00,N,
238.6us,00,N,07,N,
241.8us,00,N,00,N,
244.9us,00,N,00,N,
248us,00,N,02,N,
251.2us,00,N,F0,N,
254.3us,00,N,00,N,
257.4us,00,N,00,N,
260.6us,00,N,AF,N,
263.7us,00,N,00,N,
266.8us,00,N,00,N,
270us,00,N,0B,N,
273.1us,00,N,F0,N,
276.2us,00,N,00,N,
279.4us,00,N,04,N,
282.5us,00,N,7F,N,
285.6us,00,N,00,N,
288.8us,00,N,01,N,
291.9us,00,N,BF,N,
295us,00,N,F0,N,
298.2us,00,N,08,N,
301.3us,00,N,03,N,
304.4us,00,N,7F,N,